Brawl_stars,Standoff,Roblox,Clash_royale
шелли,SIG4,adopt me,темный принц
60,FOG,adopt me,вышибала
шелли,FBI,tower of hell,вышибала
ворон,FOG,tower of hell,мерарыцарь
60,FBI,adopt me,вышибала
60,FBI,adopt me,мерарыцарь
60,FOG,tower of hell,мерарыцарь
ворон,SIG4,tower of hell,мерарыцарь
шелли,SIG4,adopt me,темный принц
шелли,FBI,dress to impress,мерарыцарь
шелли,FOG,adopt me,мерарыцарь
ворон,SIG4,tower of hell,темный принц
60,FBI,dress to impress,темный принц
ворон,FOG,dress to impress,темный принц
ворон,FOG,adopt me,вышибала
ворон,FOG,dress to impress,вышибала
ворон,SIG4,adopt me,вышибала
шелли,SIG4,dress to impress,вышибала
60,SIG4,dress to impress,мерарыцарь
шелли,SIG4,tower of hell,вышибала
шелли,FOG,dress to impress,мерарыцарь
ворон,FOG,adopt me,мерарыцарь
ворон,SIG4,dress to impress,вышибала
ворон,FBI,adopt me,темный принц
60,FOG,dress to impress,вышибала
шелли,SIG4,tower of hell,темный принц
60,FBI,tower of hell,вышибала
ворон,FOG,dress to impress,мерарыцарь
ворон,SIG4,dress to impress,мерарыцарь
60,SIG4,tower of hell,темный принц
ворон,FOG,tower of hell,темный принц
ворон,SIG4,dress to impress,мерарыцарь
60,SIG4,tower of hell,мерарыцарь
60,FOG,tower of hell,вышибала
ворон,SIG4,dress to impress,вышибала
60,FOG,tower of hell,темный принц
шелли,FBI,adopt me,вышибала
ворон,FBI,adopt me,мерарыцарь
60,FBI,tower of hell,вышибала
ворон,FOG,dress to impress,темный принц
ворон,FBI,adopt me,мерарыцарь
ворон,FOG,tower of hell,вышибала
60,SIG4,dress to impress,темный принц
шелли,FBI,dress to impress,вышибала
60,SIG4,adopt me,темный принц
60,SIG4,adopt me,мерарыцарь
ворон,SIG4,tower of hell,темный принц
60,FOG,dress to impress,вышибала
ворон,FOG,tower of hell,мерарыцарь
шелли,SIG4,dress to impress,мерарыцарь
шелли,FOG,dress to impress,темный принц
ворон,FOG,tower of hell,мерарыцарь
ворон,FOG,dress to impress,темный принц
ворон,SIG4,adopt me,вышибала
ворон,FBI,dress to impress,мерарыцарь
шелли,SIG4,dress to impress,темный принц
ворон,SIG4,dress to impress,мерарыцарь
60,SIG4,dress to impress,мерарыцарь
60,FBI,dress to impress,темный принц
шелли,FOG,tower of hell,вышибала
шелли,FOG,tower of hell,вышибала
шелли,FBI,dress to impress,мерарыцарь
шелли,SIG4,adopt me,мерарыцарь
шелли,FBI,adopt me,темный принц
шелли,FBI,adopt me,мерарыцарь
шелли,FOG,dress to impress,вышибала
ворон,SIG4,adopt me,вышибала
